eventId,occurredAt,qrCode,eventType,latitude,longitude,locationLabel,actorId
cb04327d-2c78-4bac-a675-36f1ef57f7ed,2026-06-04T09:37:09.234208Z,803059260557664,CONSUMER_VALIDATE,19.070927545606203,72.88065178891664,MUMBAI_Retail,usr_987
b2f973c8-2961-4bc1-9a6d-3a61461fbbdb,2026-06-04T17:27:09.234208Z,803059260557664,CONSUMER_VALIDATE,19.076961896540126,72.87200666513368,MUMBAI_Retail,usr_215
38978b8a-3283-443c-9ddf-b885aa9e1092,2026-06-03T09:47:09.234208Z,803059260557664,CONSUMER_VALIDATE,19.081299518080655,72.88488991108969,MUMBAI_Retail,usr_931
311db90b-978f-4a13-a980-606a78daa58b,2026-06-03T17:06:09.234208Z,803059260557664,CONSUMER_VALIDATE,19.07061219181017,72.8689477381369,MUMBAI_Retail,usr_791
64b756b1-6c24-4fd5-b363-22f58f844a12,2026-06-02T09:44:09.234208Z,803059260557664,CONSUMER_VALIDATE,19.083371264696112,72.87808249493003,MUMBAI_Retail,usr_556
9da2a906-e009-4ce8-bca3-a8707edd855a,2026-06-02T17:22:09.234208Z,803059260557664,CONSUMER_VALIDATE,19.083527895814218,72.87462225414697,MUMBAI_Retail,usr_257
f39061b7-cf03-48df-be5f-44a3b43a872d,2026-06-04T09:15:09.234208Z,619954796623274,CONSUMER_VALIDATE,12.9697757527322,77.59634112201613,BENGALURU_Retail,usr_572
b8b4952a-906c-445e-9fbc-1cdbfa170153,2026-06-04T17:02:09.234208Z,619954796623274,CONSUMER_VALIDATE,12.980355326822513,77.58503084263576,BENGALURU_Retail,usr_981
13a862ec-fffc-46d2-b301-edb76163e629,2026-06-03T09:25:09.234208Z,619954796623274,CONSUMER_VALIDATE,12.978091390202115,77.58820269205331,BENGALURU_Retail,usr_842
37eac20b-bd90-471e-a014-72391c1ea2f6,2026-06-03T17:34:09.234208Z,619954796623274,CONSUMER_VALIDATE,12.976274451340883,77.59013722808162,BENGALURU_Retail,usr_556
e222c064-cc72-448a-8817-be2b3dc2e5f5,2026-06-02T09:58:09.234208Z,619954796623274,CONSUMER_VALIDATE,12.97833941186462,77.60096034846818,BENGALURU_Retail,usr_495
f053a965-ae96-4da4-bf4f-5bbd3ee2d28b,2026-06-02T17:18:09.234208Z,619954796623274,CONSUMER_VALIDATE,12.975850172545536,77.59772244505821,BENGALURU_Retail,usr_828
6192f944-b1bb-4fa2-a953-7239198e2d04,2026-06-04T09:50:09.234208Z,719639813464632,CONSUMER_VALIDATE,12.978560700310341,77.5917603990298,BENGALURU_Retail,usr_912
de40aaae-3400-4f51-bcad-c75e1c9828cf,2026-06-04T17:21:09.234208Z,719639813464632,CONSUMER_VALIDATE,12.97450479849932,77.59363837686249,BENGALURU_Retail,usr_626
88690603-fa44-42ea-918c-060afef29f5e,2026-06-03T09:00:09.234208Z,719639813464632,CONSUMER_VALIDATE,12.970214743047089,77.60384273136174,BENGALURU_Retail,usr_690
65023902-f724-45dc-b51e-9f61910fbcec,2026-06-03T17:10:09.234208Z,719639813464632,CONSUMER_VALIDATE,12.971113636343853,77.59528447947089,BENGALURU_Retail,usr_206
6df9cce3-cb3a-4a86-94be-f214baf407bf,2026-06-02T09:33:09.234208Z,719639813464632,CONSUMER_VALIDATE,12.973679070780122,77.58913100327958,BENGALURU_Retail,usr_811
fff85f14-29bb-4b4b-a911-2fc4112dca42,2026-06-02T17:46:09.234208Z,719639813464632,CONSUMER_VALIDATE,12.97252217678113,77.59593482808882,BENGALURU_Retail,usr_180
24b2f200-0184-4f56-ac4c-6bad6c372cf5,2026-06-04T09:30:09.234208Z,961773686155702,CONSUMER_VALIDATE,19.077117471433706,72.86903918406229,MUMBAI_Retail,usr_715
2ecbf6cd-8506-4315-8e8f-464edb92a235,2026-06-04T17:12:09.234208Z,961773686155702,CONSUMER_VALIDATE,19.079199821455816,72.86874360972571,MUMBAI_Retail,usr_487
42e5bb66-7b51-498f-bfa8-db3a75267451,2026-06-03T09:13:09.234208Z,961773686155702,CONSUMER_VALIDATE,19.069251191785696,72.8811791880539,MUMBAI_Retail,usr_115
d0ea711e-8425-4e62-837a-14962e272d08,2026-06-03T17:36:09.234208Z,961773686155702,CONSUMER_VALIDATE,19.067056279562355,72.88175128018358,MUMBAI_Retail,usr_255
3429b098-e6b0-4e13-b9d4-6f25228db66b,2026-06-02T09:00:09.234208Z,961773686155702,CONSUMER_VALIDATE,19.07063601345409,72.87724826635754,MUMBAI_Retail,usr_449
882226e2-1991-406a-b251-9392e3c0d12b,2026-06-02T17:43:09.234208Z,961773686155702,CONSUMER_VALIDATE,19.07115554956511,72.87901584124731,MUMBAI_Retail,usr_620
bc5bd50b-b552-4165-a797-d29b58a3ab51,2026-06-04T09:49:09.234208Z,588235926147044,CONSUMER_VALIDATE,51.50469681911331,-0.13401137202044874,LONDON_Retail,usr_992
b6324d51-5248-4046-9e8a-9246ecdafcab,2026-06-04T17:36:09.234208Z,588235926147044,CONSUMER_VALIDATE,51.51614885388668,-0.13015535127511152,LONDON_Retail,usr_752
c7d8ecf3-72c0-47da-aafa-4132364c2a3b,2026-06-03T09:56:09.234208Z,588235926147044,CONSUMER_VALIDATE,51.51694957876181,-0.12977632718919768,LONDON_Retail,usr_778
b3e73695-f2d0-4834-91df-8a10bff553f4,2026-06-03T17:37:09.234208Z,588235926147044,CONSUMER_VALIDATE,51.50595134951395,-0.13300073698316228,LONDON_Retail,usr_667
bc14c280-cbba-4ba8-b0b7-d256b6c32c8e,2026-06-02T09:26:09.234208Z,588235926147044,CONSUMER_VALIDATE,51.50793587509564,-0.13482468117607896,LONDON_Retail,usr_886
31ad4df0-d96f-47b3-9c66-72cbe02d7d1f,2026-06-02T17:54:09.234208Z,588235926147044,CONSUMER_VALIDATE,51.50562181485369,-0.1348576606726512,LONDON_Retail,usr_460
dd321338-ae21-4a0f-aa40-ce828071994a,2026-06-04T09:38:09.234208Z,160226753261716,CONSUMER_VALIDATE,35.677079153641195,139.6543912569019,TOKYO_Retail,usr_608
d6cc9345-a898-4af7-9247-7b1867d9a017,2026-06-04T17:24:09.234208Z,160226753261716,CONSUMER_VALIDATE,35.66928348565893,139.6408793742079,TOKYO_Retail,usr_634
e6bd240a-ed22-48e1-99ee-011d6d0e5c78,2026-06-03T09:54:09.234208Z,160226753261716,CONSUMER_VALIDATE,35.673551615866884,139.65000177071008,TOKYO_Retail,usr_435
a69bc2df-7200-4cbf-af26-50c61477bfa3,2026-06-03T17:06:09.234208Z,160226753261716,CONSUMER_VALIDATE,35.68469440248664,139.64267071300625,TOKYO_Retail,usr_556
f098da76-64d3-4a5c-b4ac-e9511b40c3ea,2026-06-02T09:54:09.234208Z,160226753261716,CONSUMER_VALIDATE,35.680198968302385,139.64064359830175,TOKYO_Retail,usr_578
920c407f-8ca7-492f-8594-d4a7cb0572f6,2026-06-02T17:10:09.234208Z,160226753261716,CONSUMER_VALIDATE,35.67819170065189,139.65354704729555,TOKYO_Retail,usr_908
0a142546-4828-40b9-84c3-866474c6b488,2026-06-04T09:17:09.234208Z,163764263600685,CONSUMER_VALIDATE,51.50406356887439,-0.12133673353611008,LONDON_Retail,usr_152
da1ff0cc-e80f-4e23-a2d7-8c3910d64f3d,2026-06-04T17:25:09.234208Z,163764263600685,CONSUMER_VALIDATE,51.505190943282855,-0.12030391849109799,LONDON_Retail,usr_682
43155b92-e8ae-47ea-a0d3-311fe99456f0,2026-06-03T09:31:09.234208Z,163764263600685,CONSUMER_VALIDATE,51.49937665827717,-0.13296620746721838,LONDON_Retail,usr_706
59eaa477-5588-45a7-abd6-eb6d926be6e4,2026-06-03T17:19:09.234208Z,163764263600685,CONSUMER_VALIDATE,51.5126349287502,-0.1290472174112412,LONDON_Retail,usr_169
fe747c40-7f5f-4d15-ab9b-4af0aa90d22f,2026-06-02T09:00:09.234208Z,163764263600685,CONSUMER_VALIDATE,51.51105930612875,-0.12611384490062585,LONDON_Retail,usr_425
98a794b8-30ea-49b0-8212-02bf69bd1b17,2026-06-02T17:03:09.234208Z,163764263600685,CONSUMER_VALIDATE,51.49762036903204,-0.1228235875275732,LONDON_Retail,usr_902
b608162f-6233-439e-bfa3-2d51c98ccbc6,2026-06-04T09:50:09.234208Z,103931451504862,CONSUMER_VALIDATE,35.66722354760329,139.6474605258692,TOKYO_Retail,usr_256
1435bf6b-a3de-4d0d-bce9-001d914098b0,2026-06-04T17:25:09.234208Z,103931451504862,CONSUMER_VALIDATE,35.67508691114237,139.64124881100975,TOKYO_Retail,usr_404
87cf2ec6-9df1-4269-b23f-e20d33d34b1a,2026-06-03T09:26:09.234208Z,103931451504862,CONSUMER_VALIDATE,35.67903775674256,139.65317600690005,TOKYO_Retail,usr_982
ba45d37a-f8ff-4fa0-bc4c-c80534cff674,2026-06-03T17:25:09.234208Z,103931451504862,CONSUMER_VALIDATE,35.668259169955185,139.64830070734936,TOKYO_Retail,usr_425
78bce263-d3ce-4b54-835e-d72c220f0cdf,2026-06-02T09:23:09.234208Z,103931451504862,CONSUMER_VALIDATE,35.66708585690728,139.64674345622214,TOKYO_Retail,usr_682
7cbf5421-37a5-4d57-994b-4f5dcc8ded86,2026-06-02T17:02:09.234208Z,103931451504862,CONSUMER_VALIDATE,35.67167817118204,139.6559607913944,TOKYO_Retail,usr_949
b607404a-1d0c-4af2-8a4d-148e741f9909,2026-06-04T09:36:09.234208Z,329869384185387,CONSUMER_VALIDATE,40.70760987208771,-73.99621249589335,NEW_YORK_Retail,usr_941
d8eadad8-ec09-4e67-9a08-6c00c205c639,2026-06-04T17:02:09.234208Z,329869384185387,CONSUMER_VALIDATE,40.70900221437677,-74.01349080028007,NEW_YORK_Retail,usr_495
b51f2785-8c4a-475d-9e76-db622fbbc0ff,2026-06-03T09:29:09.234208Z,329869384185387,CONSUMER_VALIDATE,40.72225665842864,-73.99908083495434,NEW_YORK_Retail,usr_169
445f3f92-5242-4a1a-99cc-7c198d7c7dfa,2026-06-03T17:41:09.234208Z,329869384185387,CONSUMER_VALIDATE,40.721091609787635,-74.00299335669635,NEW_YORK_Retail,usr_180
e5dd6360-fd67-429e-b044-bbaf09291a50,2026-06-02T09:13:09.234208Z,329869384185387,CONSUMER_VALIDATE,40.70466110106364,-74.0119222261234,NEW_YORK_Retail,usr_408
fd1cd836-5c4c-47ba-975b-f6f5a3ac68a1,2026-06-02T17:07:09.234208Z,329869384185387,CONSUMER_VALIDATE,40.70537192432062,-74.01334081543615,NEW_YORK_Retail,usr_700
696e7bb3-b090-42af-af6f-3921810d1736,2026-06-04T09:53:09.234208Z,552737936127604,CONSUMER_VALIDATE,12.978375473818051,77.59608441531398,BENGALURU_Retail,usr_516
76dee5c1-87c2-46f1-8ff0-c107f7882f53,2026-06-04T17:59:09.234208Z,552737936127604,CONSUMER_VALIDATE,12.968720737320803,77.60454090308596,BENGALURU_Retail,usr_578
bfef1359-0762-48e7-8522-57ed619e756c,2026-06-03T09:14:09.234208Z,552737936127604,CONSUMER_VALIDATE,12.977880828905953,77.58633407670739,BENGALURU_Retail,usr_741
b4ae8940-ca67-49b4-975e-330de2ecba60,2026-06-03T17:34:09.234208Z,552737936127604,CONSUMER_VALIDATE,12.974049616670326,77.58942039286232,BENGALURU_Retail,usr_194
e4bbe21f-50f6-4b0b-8050-7bb23bf71281,2026-06-02T09:40:09.234208Z,552737936127604,CONSUMER_VALIDATE,12.968603546382544,77.6037304898856,BENGALURU_Retail,usr_376
10656c1c-be42-44da-9247-1cbe095ec5b8,2026-06-02T17:14:09.234208Z,552737936127604,CONSUMER_VALIDATE,12.968782421683066,77.59481764807772,BENGALURU_Retail,usr_324
2e08b363-f855-4e1d-b9aa-6ecb47e2b4fd,2026-06-04T09:15:09.234208Z,761272478271217,CONSUMER_VALIDATE,12.973766059788378,77.59689054142623,BENGALURU_Retail,usr_430
67f1c5ad-238e-462e-b530-e6d807d94cbc,2026-06-04T17:56:09.234208Z,761272478271217,CONSUMER_VALIDATE,12.975047156971012,77.59055844838039,BENGALURU_Retail,usr_890
546ea51c-6ebb-4ac5-b411-43e20416205a,2026-06-03T09:56:09.234208Z,761272478271217,CONSUMER_VALIDATE,12.980098920044133,77.58906632470074,BENGALURU_Retail,usr_560
fdb0b843-6b7f-45f3-ac03-6d12e5bcd1f4,2026-06-03T17:21:09.234208Z,761272478271217,CONSUMER_VALIDATE,12.966581420712052,77.59779610048432,BENGALURU_Retail,usr_996
25dabcfb-97f1-4e1a-9979-14d27d71d0b8,2026-06-02T09:49:09.234208Z,761272478271217,CONSUMER_VALIDATE,12.977222571393572,77.59988542574904,BENGALURU_Retail,usr_296
23e51500-1187-4b1f-a3d5-2a9e846efda1,2026-06-02T17:15:09.234208Z,761272478271217,CONSUMER_VALIDATE,12.963035483456943,77.59977720976198,BENGALURU_Retail,usr_327
1d5280b9-2c03-4166-a2b6-ee9e1a7c0a1d,2026-06-04T09:16:09.234208Z,727501834007134,CONSUMER_VALIDATE,35.67513722113545,139.64518755186188,TOKYO_Retail,usr_253
6606116a-5864-4bac-92ff-b8d7b5845840,2026-06-04T17:31:09.234208Z,727501834007134,CONSUMER_VALIDATE,35.681878903475294,139.6562417823533,TOKYO_Retail,usr_144
0679b64e-6e07-497f-91e0-db5a652723d8,2026-06-03T09:16:09.234208Z,727501834007134,CONSUMER_VALIDATE,35.68616737170931,139.6590058637599,TOKYO_Retail,usr_751
c734d8d0-7b8f-4274-aad9-75feebea6a09,2026-06-03T17:54:09.234208Z,727501834007134,CONSUMER_VALIDATE,35.67652469434544,139.64472823720376,TOKYO_Retail,usr_820
8ddfbc53-f355-4ca1-9e32-1a79580c8836,2026-06-02T09:06:09.234208Z,727501834007134,CONSUMER_VALIDATE,35.667450171236126,139.64332568549432,TOKYO_Retail,usr_879
62ed68a2-5efc-41d7-8623-d72dccdcace2,2026-06-02T17:53:09.234208Z,727501834007134,CONSUMER_VALIDATE,35.67956702408081,139.6473299786866,TOKYO_Retail,usr_910
655597ba-93ad-45d7-861c-1f093499d244,2026-06-04T09:01:09.234208Z,038223999186276,CONSUMER_VALIDATE,35.68008621860788,139.64480900434336,TOKYO_Retail,usr_351
0a8e6b1d-9ccd-4165-80fb-219231de6a8e,2026-06-04T17:20:09.234208Z,038223999186276,CONSUMER_VALIDATE,35.678438862261295,139.6568968056858,TOKYO_Retail,usr_612
96a6e71a-7b4e-49e8-939a-9bb195813a40,2026-06-03T09:20:09.234208Z,038223999186276,CONSUMER_VALIDATE,35.68356030528755,139.64450332220713,TOKYO_Retail,usr_865
4503708e-99b7-4dde-9f9a-b32db74f0f72,2026-06-03T17:33:09.234208Z,038223999186276,CONSUMER_VALIDATE,35.680238190203085,139.64748590782264,TOKYO_Retail,usr_917
bf132be0-435e-4be7-928c-38ca12b4bbc3,2026-06-02T09:27:09.234208Z,038223999186276,CONSUMER_VALIDATE,35.66976527543218,139.65625994159518,TOKYO_Retail,usr_894
886e0c7b-664e-4c98-802b-effabf9c5353,2026-06-02T17:14:09.234208Z,038223999186276,CONSUMER_VALIDATE,35.68434682097775,139.65985995182055,TOKYO_Retail,usr_358
86a87faf-e1ba-4d8b-9d28-12eab76f6c2f,2026-06-04T09:41:09.234208Z,866449226791195,CONSUMER_VALIDATE,40.70505322900345,-74.0046306243625,NEW_YORK_Retail,usr_333
9a14877b-e121-430c-abf5-52ba16767981,2026-06-04T17:31:09.234208Z,866449226791195,CONSUMER_VALIDATE,40.70841303993106,-74.01267947602449,NEW_YORK_Retail,usr_703
b58a0422-7a55-4841-9fee-59ed486b3315,2026-06-03T09:38:09.234208Z,866449226791195,CONSUMER_VALIDATE,40.71869544679293,-74.00424627240754,NEW_YORK_Retail,usr_974
43126d87-5cd4-48b0-b220-e10a8395b9a9,2026-06-03T17:36:09.234208Z,866449226791195,CONSUMER_VALIDATE,40.70497402350188,-74.0000493806152,NEW_YORK_Retail,usr_282
e002e35f-0b49-41d2-b0bb-33e25099b744,2026-06-02T09:07:09.234208Z,866449226791195,CONSUMER_VALIDATE,40.70672589505068,-73.99897333482477,NEW_YORK_Retail,usr_561
b33aab9b-9696-4e7e-875f-e30423123542,2026-06-02T17:48:09.234208Z,866449226791195,CONSUMER_VALIDATE,40.72268818502576,-73.99841939601762,NEW_YORK_Retail,usr_936
f4af720b-5e1f-4433-bc38-7da3becbc8d5,2026-06-04T09:03:09.234208Z,123248375220223,CONSUMER_VALIDATE,40.7053121965796,-73.99761670776029,NEW_YORK_Retail,usr_169
e5adb240-b946-4665-8ce0-d5996eac4347,2026-06-04T17:47:09.234208Z,123248375220223,CONSUMER_VALIDATE,40.71891416002382,-74.00848214811681,NEW_YORK_Retail,usr_230
5bd2dd98-924f-4600-bc5a-67058e72b542,2026-06-03T09:30:09.234208Z,123248375220223,CONSUMER_VALIDATE,40.70863151271878,-74.01397688710665,NEW_YORK_Retail,usr_679
83b07109-276d-40cd-90c7-2cf277abe633,2026-06-03T17:45:09.234208Z,123248375220223,CONSUMER_VALIDATE,40.714950318238536,-73.99984890193618,NEW_YORK_Retail,usr_487
590c4045-ef66-4b0d-ba64-a9513e5244e8,2026-06-02T09:09:09.234208Z,123248375220223,CONSUMER_VALIDATE,40.70421015316525,-74.01280861290925,NEW_YORK_Retail,usr_699
4b76109a-af92-4211-9a51-da39decf25a7,2026-06-02T17:13:09.234208Z,123248375220223,CONSUMER_VALIDATE,40.720018979324415,-74.00184563210534,NEW_YORK_Retail,usr_401
444b98ea-ad56-430f-84bb-4d85470390de,2026-06-04T09:47:09.234208Z,944220886848027,CONSUMER_VALIDATE,51.49743003529106,-0.12171185199087442,LONDON_Retail,usr_847
1991972f-aee9-4f8c-80be-7f8fbd32ef3d,2026-06-04T17:51:09.234208Z,944220886848027,CONSUMER_VALIDATE,51.49779018934265,-0.12957642820335674,LONDON_Retail,usr_852
f8ea64d2-474b-4337-bdfc-1ccea39426c6,2026-06-03T09:41:09.234208Z,944220886848027,CONSUMER_VALIDATE,51.5136353711837,-0.13040453638551971,LONDON_Retail,usr_164
5a60f063-e30e-4074-ab42-afa0f86952af,2026-06-03T17:01:09.234208Z,944220886848027,CONSUMER_VALIDATE,51.50830318828449,-0.13279623652384423,LONDON_Retail,usr_887
46271754-2d75-4103-9951-2e4e5e54be96,2026-06-02T09:14:09.234208Z,944220886848027,CONSUMER_VALIDATE,51.505593086329164,-0.13143655033138013,LONDON_Retail,usr_288
6a6aaf76-cffe-46c8-8727-9e898f6c77c3,2026-06-02T17:32:09.234208Z,944220886848027,CONSUMER_VALIDATE,51.512752963346756,-0.13095145030594643,LONDON_Retail,usr_905
6c491142-08a0-42a4-b642-627966b3d8f6,2026-06-04T09:58:09.234208Z,100279813389626,CONSUMER_VALIDATE,19.085971387760942,72.88441097970278,MUMBAI_Retail,usr_358
1f3efdba-5716-4d4e-9156-acfc5c3f1cef,2026-06-04T17:36:09.234208Z,100279813389626,CONSUMER_VALIDATE,19.08558969139959,72.86991764707491,MUMBAI_Retail,usr_176
8c737185-98a3-4065-8ab7-d4bea66f543b,2026-06-03T09:59:09.234208Z,100279813389626,CONSUMER_VALIDATE,19.074914301792383,72.87249432823157,MUMBAI_Retail,usr_153
a4d7c42a-4369-4728-8006-0ef24162020b,2026-06-03T17:07:09.234208Z,100279813389626,CONSUMER_VALIDATE,19.079079953253995,72.88251513973832,MUMBAI_Retail,usr_457
a3a6d54d-ce77-4c56-a32f-f30551397bf7,2026-06-02T09:41:09.234208Z,100279813389626,CONSUMER_VALIDATE,19.083045243612382,72.88739453247952,MUMBAI_Retail,usr_788
74d37d96-340a-43bf-85c9-bd409db4e5e3,2026-06-02T17:16:09.234208Z,100279813389626,CONSUMER_VALIDATE,19.07449671606206,72.87377849697839,MUMBAI_Retail,usr_899
4fafe002-6004-40a3-a340-da72a8d2f74c,2026-06-04T09:45:09.234208Z,929218718635124,CONSUMER_VALIDATE,51.512647826506466,-0.1241901609986471,LONDON_Retail,usr_128
b1db22cc-6f35-481b-a991-3f03f455beb2,2026-06-04T17:16:09.234208Z,929218718635124,CONSUMER_VALIDATE,51.5131286659754,-0.13099369746607026,LONDON_Retail,usr_335
cb38a45d-f4f3-48d2-a1d4-899f46568ec2,2026-06-03T09:28:09.234208Z,929218718635124,CONSUMER_VALIDATE,51.51485729243119,-0.12962817006914248,LONDON_Retail,usr_641
f2c02236-5e59-4ccb-ba8c-7adcd635ceca,2026-06-03T17:00:09.234208Z,929218718635124,CONSUMER_VALIDATE,51.50978742077346,-0.12863012959648162,LONDON_Retail,usr_936
ec5c6584-a6d9-481a-a5eb-4c83e5c22cbf,2026-06-02T09:52:09.234208Z,929218718635124,CONSUMER_VALIDATE,51.50270618883566,-0.11844806282092175,LONDON_Retail,usr_458
bed19687-5ac6-41fe-be18-88c394d14564,2026-06-02T17:38:09.234208Z,929218718635124,CONSUMER_VALIDATE,51.515592509506625,-0.12332669160827697,LONDON_Retail,usr_728
60ddfadc-184b-45b8-b822-a50ab572c6b5,2026-06-04T09:03:09.234208Z,325015714500730,CONSUMER_VALIDATE,40.70663511570787,-73.99877553329725,NEW_YORK_Retail,usr_407
c70f188a-f015-43c4-bf68-b41daf046b1d,2026-06-04T17:09:09.234208Z,325015714500730,CONSUMER_VALIDATE,40.71496662971344,-74.00419863595133,NEW_YORK_Retail,usr_362
71b3ce6d-2529-4be8-9bef-612a011bf1c5,2026-06-03T09:14:09.234208Z,325015714500730,CONSUMER_VALIDATE,40.722163692177226,-74.01446577606583,NEW_YORK_Retail,usr_408
d8bdb6c5-5f89-4064-9b6d-a44ed04ce4d0,2026-06-03T17:50:09.234208Z,325015714500730,CONSUMER_VALIDATE,40.72229985765289,-74.0059387823538,NEW_YORK_Retail,usr_183
f58463a1-737d-4709-ba18-6ba66d4c014f,2026-06-02T09:28:09.234208Z,325015714500730,CONSUMER_VALIDATE,40.710715279719366,-73.99762014929073,NEW_YORK_Retail,usr_495
0fef5d6f-bf6d-42b9-b220-9dabd0feb7ee,2026-06-02T17:23:09.234208Z,325015714500730,CONSUMER_VALIDATE,40.71119883334074,-74.00219520108219,NEW_YORK_Retail,usr_204
ab953e80-1710-4c97-9a5b-afc227eca83c,2026-06-04T09:35:09.234208Z,610835376982613,CONSUMER_VALIDATE,35.66884455871484,139.6451921717429,TOKYO_Retail,usr_856
1fd6a870-c276-4ada-adff-3a5f117b94f1,2026-06-04T17:02:09.234208Z,610835376982613,CONSUMER_VALIDATE,35.68291003034694,139.64675974884418,TOKYO_Retail,usr_162
7cfc0d6f-5c34-46b1-a5d8-83b0a9f13f43,2026-06-03T09:15:09.234208Z,610835376982613,CONSUMER_VALIDATE,35.670949358818845,139.6566712671863,TOKYO_Retail,usr_149
f48b3a88-cb72-4453-9f4d-95b10b2f28fa,2026-06-03T17:07:09.234208Z,610835376982613,CONSUMER_VALIDATE,35.67091788035374,139.65982105153515,TOKYO_Retail,usr_605
c270567d-443a-4867-9bd2-1381483a76d0,2026-06-02T09:22:09.234208Z,610835376982613,CONSUMER_VALIDATE,35.67764829629367,139.6470828700691,TOKYO_Retail,usr_679
ecc4d67c-74df-480d-a9d9-9b17208a09c8,2026-06-02T17:57:09.234208Z,610835376982613,CONSUMER_VALIDATE,35.67088848597817,139.65054169387645,TOKYO_Retail,usr_310
d68d2085-0ddf-42f3-84a0-d7f952159baa,2026-06-04T09:21:09.234208Z,327607079292503,CONSUMER_VALIDATE,40.70444836559594,-74.00158127252391,NEW_YORK_Retail,usr_499
9db22a03-fd6b-4df8-8d90-3b2c0d40bde8,2026-06-04T17:46:09.234208Z,327607079292503,CONSUMER_VALIDATE,40.71593709725565,-74.00688301553429,NEW_YORK_Retail,usr_739
162a5aad-2d10-4efb-b2cb-9408570961d4,2026-06-03T09:29:09.234208Z,327607079292503,CONSUMER_VALIDATE,40.71961069939827,-74.00320428274023,NEW_YORK_Retail,usr_469
ed29a7a7-e02d-445d-b4ec-cb9107dd06d8,2026-06-03T17:59:09.234208Z,327607079292503,CONSUMER_VALIDATE,40.7157706705349,-74.01220834459684,NEW_YORK_Retail,usr_133
99546aaf-f178-4379-96fa-68e5a3b31130,2026-06-02T09:27:09.234208Z,327607079292503,CONSUMER_VALIDATE,40.71150081731046,-74.00333342057111,NEW_YORK_Retail,usr_471
bbe64249-39b6-4e58-accf-fb92affbad73,2026-06-02T17:49:09.234208Z,327607079292503,CONSUMER_VALIDATE,40.714538792073,-74.0044088615798,NEW_YORK_Retail,usr_803
746579fc-af46-4bb9-9d85-652b86e9f2f0,2026-06-04T09:00:09.234208Z,557246455074361,CONSUMER_VALIDATE,19.07438621647861,72.88182979470758,MUMBAI_Retail,usr_512
e8357c6c-3302-48cf-846e-ee6a7fca6ef1,2026-06-04T17:27:09.234208Z,557246455074361,CONSUMER_VALIDATE,19.08529302517617,72.87583660880068,MUMBAI_Retail,usr_117
1c02895c-b2da-49cd-83d8-a6ff573107d1,2026-06-03T09:49:09.234208Z,557246455074361,CONSUMER_VALIDATE,19.073811737508112,72.87793854157461,MUMBAI_Retail,usr_107
3b40999f-6dd6-46d4-a232-eddb256443e6,2026-06-03T17:08:09.234208Z,557246455074361,CONSUMER_VALIDATE,19.078786979542517,72.88406353486943,MUMBAI_Retail,usr_887
391d4899-92c9-40d6-a295-fa82fb4059a9,2026-06-02T09:36:09.234208Z,557246455074361,CONSUMER_VALIDATE,19.084151239681965,72.8831203844366,MUMBAI_Retail,usr_783
05f3ceee-c2ea-47bd-a0a6-01957e9555fb,2026-06-02T17:53:09.234208Z,557246455074361,CONSUMER_VALIDATE,19.077389006616052,72.8745966593264,MUMBAI_Retail,usr_615
987d77be-2f0b-44d9-83e7-ad27861c2c93,2026-06-04T09:31:09.234208Z,116645723776193,CONSUMER_VALIDATE,19.072053602819338,72.87706676657527,MUMBAI_Retail,usr_810
b2db30e9-1475-4e58-b18f-5f6acbf78585,2026-06-04T17:47:09.234208Z,116645723776193,CONSUMER_VALIDATE,19.069598724100004,72.87843172280478,MUMBAI_Retail,usr_157
82dd02f4-eb71-423d-935a-735655a20511,2026-06-03T09:29:09.234208Z,116645723776193,CONSUMER_VALIDATE,19.080467309117587,72.88227028473442,MUMBAI_Retail,usr_766
0c4f0648-ec99-4d67-bbcf-329de0bf2f9a,2026-06-03T17:41:09.234208Z,116645723776193,CONSUMER_VALIDATE,19.083400812461672,72.88539001913784,MUMBAI_Retail,usr_341
79978c15-2414-4295-8753-9cbd99dcdb76,2026-06-02T09:11:09.234208Z,116645723776193,CONSUMER_VALIDATE,19.07891737221618,72.87320492801311,MUMBAI_Retail,usr_866
105b4e15-e971-4110-a0cd-98a5b8f9e1ca,2026-06-02T17:07:09.234208Z,116645723776193,CONSUMER_VALIDATE,19.080447510263827,72.87675675819187,MUMBAI_Retail,usr_281
90778f2c-84c7-491d-8a48-b9dfe9c40e5d,2026-06-04T09:14:09.234208Z,001296103445078,CONSUMER_VALIDATE,40.7221561871096,-74.00500018004968,NEW_YORK_Retail,usr_680
06613789-7f1b-46ca-87a9-90409210ee0d,2026-06-04T17:58:09.234208Z,001296103445078,CONSUMER_VALIDATE,40.718284061568966,-74.00030925478785,NEW_YORK_Retail,usr_982
a854bec7-8c2f-4cfd-a1e1-81f816e62680,2026-06-03T09:38:09.234208Z,001296103445078,CONSUMER_VALIDATE,40.71309001593972,-74.01119102701517,NEW_YORK_Retail,usr_195
92527c26-5b1d-4f1e-8f29-1f2843ed13b3,2026-06-03T17:12:09.234208Z,001296103445078,CONSUMER_VALIDATE,40.708304205210794,-74.0014183001221,NEW_YORK_Retail,usr_217
2097ccf0-5e24-4f9e-bac8-30ef778d4d53,2026-06-02T09:43:09.234208Z,001296103445078,CONSUMER_VALIDATE,40.713090435423304,-74.00411539745689,NEW_YORK_Retail,usr_108
e697c133-6bd6-44d4-8cbd-7db3c1e96b01,2026-06-02T17:51:09.234208Z,001296103445078,CONSUMER_VALIDATE,40.714988348728504,-73.9979770646234,NEW_YORK_Retail,usr_193
85d915ae-48a5-485d-b391-a3920187c76c,2026-06-04T09:32:09.234208Z,917286736441608,CONSUMER_VALIDATE,19.078952902035745,72.87916927629807,MUMBAI_Retail,usr_881
2ef9bb89-4cd6-4c24-9cc9-e313a8fb8a18,2026-06-04T17:10:09.234208Z,917286736441608,CONSUMER_VALIDATE,19.079787782585687,72.87947844212516,MUMBAI_Retail,usr_615
fd91eaed-19e3-47c6-94cb-da2b0fcb7ca7,2026-06-03T09:02:09.234208Z,917286736441608,CONSUMER_VALIDATE,19.077216405997483,72.87547776619208,MUMBAI_Retail,usr_970
eb627484-3de4-463f-880d-cb1d248f0786,2026-06-03T17:00:09.234208Z,917286736441608,CONSUMER_VALIDATE,19.071903226902776,72.88087330624495,MUMBAI_Retail,usr_561
97583ef7-036f-4f14-8594-76091f664650,2026-06-02T09:12:09.234208Z,917286736441608,CONSUMER_VALIDATE,19.076699784254775,72.88325372004496,MUMBAI_Retail,usr_305
86436707-b1f9-4495-a440-c4ddc0217ee2,2026-06-02T17:55:09.234208Z,917286736441608,CONSUMER_VALIDATE,19.074912641440612,72.87365300651491,MUMBAI_Retail,usr_229
73cbc0b4-7493-4a81-ab5c-568dd515b41c,2026-06-04T09:11:09.234208Z,541611659244808,CONSUMER_VALIDATE,51.506645761516225,-0.12298386833308288,LONDON_Retail,usr_320
52f35434-d55e-4395-b601-fb045bf2c65a,2026-06-04T17:22:09.234208Z,541611659244808,CONSUMER_VALIDATE,51.502321353165144,-0.12419620471063644,LONDON_Retail,usr_150
a241e7ea-05f5-49a8-857d-6bca167dbc60,2026-06-03T09:05:09.234208Z,541611659244808,CONSUMER_VALIDATE,51.50947441295928,-0.13715529160770484,LONDON_Retail,usr_779
b7ad6bb8-3466-4d2b-9678-cc6183bffeea,2026-06-03T17:27:09.234208Z,541611659244808,CONSUMER_VALIDATE,51.51075027897268,-0.11863552788252942,LONDON_Retail,usr_756
12dc668d-598a-4f9d-bff8-8dd3def01049,2026-06-02T09:22:09.234208Z,541611659244808,CONSUMER_VALIDATE,51.50208510754345,-0.13517498151722923,LONDON_Retail,usr_139
98c92ab7-f5fd-421b-a833-48af164e6a4a,2026-06-02T17:21:09.234208Z,541611659244808,CONSUMER_VALIDATE,51.51017286271011,-0.1292558024749026,LONDON_Retail,usr_859
b2aa5e73-075a-4f2a-8217-8e5bf16962b2,2026-06-04T09:21:09.234208Z,166727017779290,CONSUMER_VALIDATE,40.710647256897985,-73.99821997274394,NEW_YORK_Retail,usr_270
1750c142-3e11-4afd-9a9a-47a77693cd50,2026-06-04T17:54:09.234208Z,166727017779290,CONSUMER_VALIDATE,40.70842679067996,-73.99726313222152,NEW_YORK_Retail,usr_504
08f20768-be8f-435d-bc94-64d6dae4cf61,2026-06-03T09:50:09.234208Z,166727017779290,CONSUMER_VALIDATE,40.716405650337094,-73.998432028434,NEW_YORK_Retail,usr_943
b2f80f6c-0a4d-4c58-b085-09e65305505e,2026-06-03T17:16:09.234208Z,166727017779290,CONSUMER_VALIDATE,40.71574123400935,-74.01203428690548,NEW_YORK_Retail,usr_639
b0ab9ddb-17fe-4b74-952b-1c8b9d546805,2026-06-02T09:32:09.234208Z,166727017779290,CONSUMER_VALIDATE,40.70356875817396,-74.01443663761341,NEW_YORK_Retail,usr_707
2951cddb-aa02-4195-a808-77e8923ba59a,2026-06-02T17:09:09.234208Z,166727017779290,CONSUMER_VALIDATE,40.718046168922555,-74.0071343959105,NEW_YORK_Retail,usr_120
bb1c055c-2cde-4cf6-828e-46fcd8df4327,2026-06-04T09:57:09.234208Z,429026286189838,CONSUMER_VALIDATE,51.51017904531643,-0.13301224837511538,LONDON_Retail,usr_758
f46f4406-b8f8-4464-af45-c03667ccc7ce,2026-06-04T17:55:09.234208Z,429026286189838,CONSUMER_VALIDATE,51.51662947609832,-0.13000755531580407,LONDON_Retail,usr_230
c02ea9f5-cb2d-40dd-b772-c3c20bdbdcf8,2026-06-03T09:31:09.234208Z,429026286189838,CONSUMER_VALIDATE,51.50441946956969,-0.12014022082420187,LONDON_Retail,usr_375
60cbaedc-e183-4c05-b7a2-627ea0cda06c,2026-06-03T17:08:09.234208Z,429026286189838,CONSUMER_VALIDATE,51.51682721239793,-0.12433330484490225,LONDON_Retail,usr_711
86883ee1-2ae5-477f-be00-5afea72f76b0,2026-06-02T09:47:09.234208Z,429026286189838,CONSUMER_VALIDATE,51.50332346130172,-0.11971555939444055,LONDON_Retail,usr_178
20dff651-13dd-48d9-b728-19e23d0446f8,2026-06-02T17:35:09.234208Z,429026286189838,CONSUMER_VALIDATE,51.50118313067938,-0.1236065473066471,LONDON_Retail,usr_346
e096ab13-3f25-41c4-baf1-1e313711bc00,2026-06-04T09:29:09.234208Z,322450907561303,CONSUMER_VALIDATE,40.718463362796925,-73.99793706986571,NEW_YORK_Retail,usr_146
b01c51da-35ed-40b1-b702-c1fd5f990f96,2026-06-04T17:52:09.234208Z,322450907561303,CONSUMER_VALIDATE,40.71991983326866,-74.00698304735118,NEW_YORK_Retail,usr_597
a6b7202a-fd34-4f11-9e2a-d18a61bf5340,2026-06-03T09:00:09.234208Z,322450907561303,CONSUMER_VALIDATE,40.710207418736324,-74.00605134806456,NEW_YORK_Retail,usr_514
4e9fc375-93fb-4058-b9f2-a4a8bea8fc06,2026-06-03T17:47:09.234208Z,322450907561303,CONSUMER_VALIDATE,40.703648548336574,-74.00585211074846,NEW_YORK_Retail,usr_373
054d07b3-97a4-4f5f-94cc-d014c145fa4b,2026-06-02T09:18:09.234208Z,322450907561303,CONSUMER_VALIDATE,40.71260572429575,-74.0086546712656,NEW_YORK_Retail,usr_172
81af462d-60f7-44b9-b8bb-d97945451666,2026-06-02T17:57:09.234208Z,322450907561303,CONSUMER_VALIDATE,40.709306370374115,-74.0084520925052,NEW_YORK_Retail,usr_722
8a9eca00-4024-46ef-bc65-d16ab70dcf15,2026-06-04T09:19:09.234208Z,009457457096554,CONSUMER_VALIDATE,12.973693176621882,77.58945086409568,BENGALURU_Retail,usr_260
ab122c04-66bb-44fd-9544-754f925f4f16,2026-06-04T17:33:09.234208Z,009457457096554,CONSUMER_VALIDATE,12.965339715822543,77.59985609943233,BENGALURU_Retail,usr_607
5fb770c7-5bc5-4a92-aa59-67cae6dc8509,2026-06-03T09:25:09.234208Z,009457457096554,CONSUMER_VALIDATE,12.97169142653508,77.59813685382294,BENGALURU_Retail,usr_947
785c6a79-432e-41ab-b329-3f7554f5dc65,2026-06-03T17:26:09.234208Z,009457457096554,CONSUMER_VALIDATE,12.979131702905649,77.5999314506069,BENGALURU_Retail,usr_390
a37caa8f-836c-4555-8f15-3a25884dc22c,2026-06-02T09:53:09.234208Z,009457457096554,CONSUMER_VALIDATE,12.974617211046494,77.59178928310314,BENGALURU_Retail,usr_676
a92881c0-5179-42c0-98be-0935bb8f547b,2026-06-02T17:58:09.234208Z,009457457096554,CONSUMER_VALIDATE,12.978371803367175,77.6004291183,BENGALURU_Retail,usr_614
ca71a0eb-93a1-4a74-b235-11b73d4699f6,2026-06-04T09:52:09.234208Z,468849951627727,CONSUMER_VALIDATE,12.966673917838074,77.5881620229631,BENGALURU_Retail,usr_962
ab996f42-ba13-41a4-9626-fe276c1af9be,2026-06-04T17:03:09.234208Z,468849951627727,CONSUMER_VALIDATE,12.96340821197886,77.59420398432567,BENGALURU_Retail,usr_869
f35a8f75-dbf3-454e-aee0-cbf98473b135,2026-06-03T09:24:09.234208Z,468849951627727,CONSUMER_VALIDATE,12.970826975885045,77.5997774101759,BENGALURU_Retail,usr_233
3313e57e-e7f7-4e7e-b31f-f963c952471e,2026-06-03T17:37:09.234208Z,468849951627727,CONSUMER_VALIDATE,12.974177769837361,77.58975824908103,BENGALURU_Retail,usr_788
b6f54b0a-6714-4e1e-a88c-29db9de3ceda,2026-06-02T09:57:09.234208Z,468849951627727,CONSUMER_VALIDATE,12.972092195580784,77.60132022626198,BENGALURU_Retail,usr_190
ebf6951b-2ca4-4512-8e56-81524d4ccca2,2026-06-02T17:47:09.234208Z,468849951627727,CONSUMER_VALIDATE,12.980144738547034,77.59278161295343,BENGALURU_Retail,usr_819
3f4fb716-480f-463d-910c-11f1fbeb9b61,2026-06-04T09:27:09.234208Z,541164422676624,CONSUMER_VALIDATE,19.0805797904555,72.8744888976378,MUMBAI_Retail,usr_100
dd0cb0c5-9208-4b27-8a7c-8521b4929804,2026-06-04T17:22:09.234208Z,541164422676624,CONSUMER_VALIDATE,19.075448527842916,72.8758893365377,MUMBAI_Retail,usr_817
83d9426a-40c9-4bb9-b6ac-5cffc0c171f4,2026-06-03T09:48:09.234208Z,541164422676624,CONSUMER_VALIDATE,19.073420637643167,72.87045535816434,MUMBAI_Retail,usr_191
fb0bbadd-d570-45ae-bfac-f67253ed6b51,2026-06-03T17:17:09.234208Z,541164422676624,CONSUMER_VALIDATE,19.0707070554813,72.87547881898288,MUMBAI_Retail,usr_588
f35450bf-452e-42b4-90bd-98562daf08be,2026-06-02T09:22:09.234208Z,541164422676624,CONSUMER_VALIDATE,19.071789268421217,72.87144688964187,MUMBAI_Retail,usr_492
3eafd520-684e-49d7-b781-2365a6753819,2026-06-02T17:21:09.234208Z,541164422676624,CONSUMER_VALIDATE,19.066052551676776,72.87162180287034,MUMBAI_Retail,usr_904
03ca54a0-4aba-4038-ac7d-c058908aa65e,2026-06-04T09:24:09.234208Z,545031778798636,CONSUMER_VALIDATE,40.70577926694174,-73.99619549627253,NEW_YORK_Retail,usr_376
af7c6f21-7d33-49a6-92a2-0dd49a19e6dc,2026-06-04T17:02:09.234208Z,545031778798636,CONSUMER_VALIDATE,40.710455755662736,-73.99702993116252,NEW_YORK_Retail,usr_557
d8c16f00-c5a6-44cc-8f3c-1c65eda34088,2026-06-03T09:08:09.234208Z,545031778798636,CONSUMER_VALIDATE,40.72151218306403,-73.99915201985176,NEW_YORK_Retail,usr_202
7eadfcb2-ce98-489e-bfde-c1d84b885f08,2026-06-03T17:41:09.234208Z,545031778798636,CONSUMER_VALIDATE,40.70508172510675,-74.01347904829765,NEW_YORK_Retail,usr_804
d9b1374b-e0ff-4cd9-90cd-eca2b96c294f,2026-06-02T09:29:09.234208Z,545031778798636,CONSUMER_VALIDATE,40.72164303038038,-73.99687487026864,NEW_YORK_Retail,usr_836
f86fc614-dfa5-498e-8fea-c0382ecc81d0,2026-06-02T17:01:09.234208Z,545031778798636,CONSUMER_VALIDATE,40.70516283397898,-73.99819127307369,NEW_YORK_Retail,usr_373
61020cbd-83f6-4755-9fc6-026bdbb5236f,2026-06-04T09:56:09.234208Z,085412191173308,CONSUMER_VALIDATE,19.07410505206531,72.87606869338755,MUMBAI_Retail,usr_658
b75de449-9ac7-43ad-9073-8697d98e12c7,2026-06-04T17:41:09.234208Z,085412191173308,CONSUMER_VALIDATE,19.07541495614494,72.88107088233576,MUMBAI_Retail,usr_530
2f69f65b-ffe2-4616-9797-dd0a8e8c18e1,2026-06-03T09:46:09.234208Z,085412191173308,CONSUMER_VALIDATE,19.076563366014472,72.8695988830943,MUMBAI_Retail,usr_715
b2048616-4299-4d27-abf9-cad94a2d5721,2026-06-03T17:50:09.234208Z,085412191173308,CONSUMER_VALIDATE,19.080189127395805,72.87303999819508,MUMBAI_Retail,usr_332
81acd764-9164-4690-ae86-4f5535bb58ba,2026-06-02T09:31:09.234208Z,085412191173308,CONSUMER_VALIDATE,19.083530102386177,72.88565817768225,MUMBAI_Retail,usr_374
1677392c-2c8f-4c7a-a845-fc44f3cb20f8,2026-06-02T17:43:09.234208Z,085412191173308,CONSUMER_VALIDATE,19.07606978841321,72.86980655044793,MUMBAI_Retail,usr_862
8a9d9876-dbaf-4a30-844a-2d11e2f2c123,2026-06-04T09:24:09.234208Z,998789542713353,CONSUMER_VALIDATE,40.718580056021175,-74.00337126342468,NEW_YORK_Retail,usr_599
4ed62db7-f659-4bf9-9a6f-b467ecd4e833,2026-06-04T17:33:09.234208Z,998789542713353,CONSUMER_VALIDATE,40.70908475281378,-74.01353544742454,NEW_YORK_Retail,usr_935
b524fe9b-3194-4bc0-ab8e-e2e412681bb5,2026-06-03T09:14:09.234208Z,998789542713353,CONSUMER_VALIDATE,40.709432466443786,-74.00556555934115,NEW_YORK_Retail,usr_300
188f7d45-a9f3-44b6-8d75-2c9634233025,2026-06-03T17:22:09.234208Z,998789542713353,CONSUMER_VALIDATE,40.72083306420137,-73.99681131239366,NEW_YORK_Retail,usr_524
07c53add-f4c1-4b10-bde3-6e267b6f3a13,2026-06-02T09:16:09.234208Z,998789542713353,CONSUMER_VALIDATE,40.70468240459043,-74.01551592693016,NEW_YORK_Retail,usr_857
ed340f0c-4697-4e90-9522-539240341f57,2026-06-02T17:58:09.234208Z,998789542713353,CONSUMER_VALIDATE,40.708480424552185,-74.01220761472683,NEW_YORK_Retail,usr_534
fb8e7c0f-d659-4d3a-873a-27f114a5eb3c,2026-06-04T09:22:09.234208Z,241764550552162,CONSUMER_VALIDATE,40.70995177213426,-74.01540074701163,NEW_YORK_Retail,usr_236
9e7bbe90-3871-44a5-a082-b904d7117e3b,2026-06-04T17:32:09.234208Z,241764550552162,CONSUMER_VALIDATE,40.70505702033257,-74.00372103616641,NEW_YORK_Retail,usr_337
c9b23743-3e33-48a5-9ba0-9e5936f96c60,2026-06-03T09:23:09.234208Z,241764550552162,CONSUMER_VALIDATE,40.709158298315025,-74.01294118012493,NEW_YORK_Retail,usr_959
734b1bc3-1671-46af-940f-e58783c7d1b9,2026-06-03T17:38:09.234208Z,241764550552162,CONSUMER_VALIDATE,40.712892130635524,-74.01027493362966,NEW_YORK_Retail,usr_665
6c3f7554-d3e6-4d0e-bff4-ece8b3e2b878,2026-06-02T09:07:09.234208Z,241764550552162,CONSUMER_VALIDATE,40.717851146876235,-74.00478718605416,NEW_YORK_Retail,usr_607
e2cb80a4-2034-4a17-a089-3299f9abe339,2026-06-02T17:08:09.234208Z,241764550552162,CONSUMER_VALIDATE,40.715944053305485,-73.99734227823564,NEW_YORK_Retail,usr_108
03603a9f-7181-4422-b97f-82214618770e,2026-06-04T09:11:09.234208Z,019114849291572,CONSUMER_VALIDATE,35.672077100140214,139.66005605630693,TOKYO_Retail,usr_551
ed3ab216-8e3f-400e-8332-5ba06f0ed64f,2026-06-04T17:43:09.234208Z,019114849291572,CONSUMER_VALIDATE,35.68155269697195,139.65123264002753,TOKYO_Retail,usr_682
a30ab070-3346-4689-9d28-bbc16aa9375c,2026-06-03T09:30:09.234208Z,019114849291572,CONSUMER_VALIDATE,35.679487810672356,139.6558910706041,TOKYO_Retail,usr_452
32719552-88ea-4408-8012-3a5fb414d9b8,2026-06-03T17:25:09.234208Z,019114849291572,CONSUMER_VALIDATE,35.66643232044028,139.65959070669126,TOKYO_Retail,usr_857
d26f20d0-5d46-4209-8731-58a56ac3b70e,2026-06-02T09:18:09.234208Z,019114849291572,CONSUMER_VALIDATE,35.670500489415986,139.64958898434486,TOKYO_Retail,usr_837
ee463d78-c63a-4b1b-a509-feea9ab7ae8a,2026-06-02T17:47:09.234208Z,019114849291572,CONSUMER_VALIDATE,35.68087306394686,139.65460350573105,TOKYO_Retail,usr_268
bf564e73-e703-43a9-bfa5-c99af369680f,2026-06-04T09:00:09.234208Z,187752039408445,CONSUMER_VALIDATE,40.719293192929655,-74.00725616746175,NEW_YORK_Retail,usr_157
939a56f2-3cfd-4951-b3e1-51da868db018,2026-06-04T17:55:09.234208Z,187752039408445,CONSUMER_VALIDATE,40.71739234450496,-73.99670838730579,NEW_YORK_Retail,usr_691
435eca49-c79a-46b9-b23c-b7da6f6a77e2,2026-06-03T09:40:09.234208Z,187752039408445,CONSUMER_VALIDATE,40.7095019028736,-74.01558362713162,NEW_YORK_Retail,usr_335
07ba2798-2765-4012-83ef-be802301cf23,2026-06-03T17:50:09.234208Z,187752039408445,CONSUMER_VALIDATE,40.709516860746064,-74.01561375546422,NEW_YORK_Retail,usr_252
c728cd32-2913-4845-af89-141354118e43,2026-06-02T09:58:09.234208Z,187752039408445,CONSUMER_VALIDATE,40.70618542756653,-74.00539640737537,NEW_YORK_Retail,usr_316
10a9a2d5-d98a-4470-a5ac-fbcfc21851e6,2026-06-02T17:19:09.234208Z,187752039408445,CONSUMER_VALIDATE,40.710532176269865,-74.00246103424858,NEW_YORK_Retail,usr_472
71ec6499-1a38-4ee1-a487-a4e239765d49,2026-06-04T09:23:09.234208Z,810997006992712,CONSUMER_VALIDATE,51.5092123925501,-0.12844680354302623,LONDON_Retail,usr_620
4a425738-461f-4804-b674-2480ecb6cf85,2026-06-04T17:24:09.234208Z,810997006992712,CONSUMER_VALIDATE,51.5053237935758,-0.13398068263381221,LONDON_Retail,usr_796
e8a12ee9-8bc3-46b7-91c3-fccad62ea2c4,2026-06-03T09:14:09.234208Z,810997006992712,CONSUMER_VALIDATE,51.508623454358336,-0.12573571128890626,LONDON_Retail,usr_904
6020679b-a153-4a3a-a7ff-556867808ee3,2026-06-03T17:32:09.234208Z,810997006992712,CONSUMER_VALIDATE,51.51239948294963,-0.13144969660620415,LONDON_Retail,usr_228
453ef966-4262-40a1-b2f0-89ede4e44aea,2026-06-02T09:52:09.234208Z,810997006992712,CONSUMER_VALIDATE,51.51512781702536,-0.12008686029879664,LONDON_Retail,usr_245
7a6c6d18-092e-49ce-b6e0-ebe78a46bb14,2026-06-02T17:20:09.234208Z,810997006992712,CONSUMER_VALIDATE,51.50099488594285,-0.12658869749083113,LONDON_Retail,usr_629
5ceaf1ee-693f-4b7f-a5c1-afb006b8aafa,2026-06-04T09:37:09.234208Z,201547072949876,CONSUMER_VALIDATE,40.707438786222205,-74.0024616141482,NEW_YORK_Retail,usr_787
4217952a-f790-4ddb-8d60-3628b0a41a80,2026-06-04T17:07:09.234208Z,201547072949876,CONSUMER_VALIDATE,40.71614656587356,-74.00307090934159,NEW_YORK_Retail,usr_393
0e4d89bb-4b69-4749-b869-43b5908e8cf9,2026-06-03T09:12:09.234208Z,201547072949876,CONSUMER_VALIDATE,40.704224457771936,-74.0049858885092,NEW_YORK_Retail,usr_319
9c3e3237-98c2-478b-b795-fda69bcd489a,2026-06-03T17:13:09.234208Z,201547072949876,CONSUMER_VALIDATE,40.70939708560147,-74.00665016421122,NEW_YORK_Retail,usr_224
b926b969-d822-4079-bc1d-0ac189cb1889,2026-06-02T09:10:09.234208Z,201547072949876,CONSUMER_VALIDATE,40.71344259679497,-74.00648200576673,NEW_YORK_Retail,usr_593
3a181094-6695-44c2-9906-4c88c15a8292,2026-06-02T17:10:09.234208Z,201547072949876,CONSUMER_VALIDATE,40.71169759860722,-74.01319703313091,NEW_YORK_Retail,usr_314
9f498011-4b3e-4b76-8e0c-629f3e741028,2026-06-04T04:15:54.234208Z,732165311557820,DISTRIBUTION,40.7128,-74.006,Burst_NEW_YORK,attacker_4
4f9bf3c4-a538-477e-92aa-6aca987f2031,2026-06-04T04:17:38.234208Z,732165311557820,DISTRIBUTION,35.6762,139.6503,Burst_TOKYO,attacker_4
28abb0d1-699d-436e-9ef2-6a9245d2eb12,2026-06-04T04:16:53.234208Z,732165311557820,DISTRIBUTION,35.6762,139.6503,Burst_TOKYO,attacker_4
0f6ac603-a420-442a-ba95-b112af059d3e,2026-06-04T04:18:25.234208Z,732165311557820,DISTRIBUTION,35.6762,139.6503,Burst_TOKYO,attacker_5
0125c647-2181-4254-9640-208801070754,2026-06-04T04:13:17.234208Z,732165311557820,DISTRIBUTION,19.076,72.8777,Burst_MUMBAI,attacker_3
41f0ac2b-8807-4cb5-937d-72b353d9bd55,2026-06-04T04:25:53.234208Z,732165311557820,DISTRIBUTION,19.076,72.8777,Burst_MUMBAI,attacker_4
cc7629dc-726d-4a5a-9fa7-36579655bb8a,2026-06-04T04:12:16.234208Z,732165311557820,DISTRIBUTION,35.6762,139.6503,Burst_TOKYO,attacker_2
4aa2ac29-f77b-401e-b16f-d9873294694b,2026-06-04T04:22:16.234208Z,732165311557820,DISTRIBUTION,12.9716,77.5946,Burst_BENGALURU,attacker_4
ab6a9480-2928-42e6-ae0f-52a142f0b9f0,2026-06-04T04:19:07.234208Z,732165311557820,DISTRIBUTION,12.9716,77.5946,Burst_BENGALURU,attacker_4
e9521e2f-f047-4b08-a73d-7dcc48fe8f09,2026-06-04T04:18:25.234208Z,732165311557820,DISTRIBUTION,19.076,72.8777,Burst_MUMBAI,attacker_2
8f084970-b2b1-4954-b31e-99e8f475a356,2026-06-04T04:19:18.234208Z,732165311557820,DISTRIBUTION,40.7128,-74.006,Burst_NEW_YORK,attacker_4
a15a4ac2-4799-4c40-ba5e-bac96a515e70,2026-06-04T04:25:15.234208Z,732165311557820,DISTRIBUTION,35.6762,139.6503,Burst_TOKYO,attacker_2
83b0d537-2ad6-474c-9c34-da57a8065fb4,2026-06-04T04:15:58.234208Z,732165311557820,DISTRIBUTION,40.7128,-74.006,Burst_NEW_YORK,attacker_4
770f4511-7938-4d35-b271-3571505d0397,2026-06-04T04:20:04.234208Z,732165311557820,DISTRIBUTION,51.5074,-0.1278,Burst_LONDON,attacker_3
7d4e566b-38b0-4b6e-8a0b-0bca5cc99ab3,2026-06-04T04:13:23.234208Z,732165311557820,DISTRIBUTION,40.7128,-74.006,Burst_NEW_YORK,attacker_5
df312e9d-718f-4ca7-9141-763a36ee997f,2026-06-04T04:24:09.234208Z,732165311557820,DISTRIBUTION,19.076,72.8777,Burst_MUMBAI,attacker_4
382ac454-a9d5-4626-b8ca-49753ae83264,2026-06-04T04:13:43.234208Z,732165311557820,DISTRIBUTION,35.6762,139.6503,Burst_TOKYO,attacker_1
4eb0e7c0-4753-422d-a7e4-b3824f313a3a,2026-06-04T04:20:56.234208Z,732165311557820,DISTRIBUTION,51.5074,-0.1278,Burst_LONDON,attacker_3
c920f5e2-7492-4cdd-913a-016ddb3546ef,2026-06-04T04:25:55.234208Z,732165311557820,DISTRIBUTION,40.7128,-74.006,Burst_NEW_YORK,attacker_4
3a2a50b7-16e5-40d7-bdec-5ee8d755348a,2026-06-04T04:24:38.234208Z,732165311557820,DISTRIBUTION,19.076,72.8777,Burst_MUMBAI,attacker_2
490bed61-7b19-4256-86a1-3be986bf6edc,2026-06-04T04:20:57.234208Z,732165311557820,DISTRIBUTION,12.9716,77.5946,Burst_BENGALURU,attacker_2
a89305bb-8a96-4ffc-932d-790b39f13d56,2026-06-04T04:16:13.234208Z,732165311557820,DISTRIBUTION,40.7128,-74.006,Burst_NEW_YORK,attacker_2
47a6803f-f968-4532-97cb-d68bba3595b5,2026-06-04T04:15:28.234208Z,732165311557820,DISTRIBUTION,12.9716,77.5946,Burst_BENGALURU,attacker_4
eec13f62-6b02-4d6a-8d73-8091ab133e65,2026-06-04T04:16:13.234208Z,732165311557820,DISTRIBUTION,12.9716,77.5946,Burst_BENGALURU,attacker_3
b127fc6e-7fbe-4685-aec5-32f601ee28be,2026-06-04T04:16:36.234208Z,732165311557820,DISTRIBUTION,51.5074,-0.1278,Burst_LONDON,attacker_5
bb48cfce-3d31-4feb-95fd-de76d0ceb500,2026-06-04T04:21:37.234208Z,732165311557820,DISTRIBUTION,40.7128,-74.006,Burst_NEW_YORK,attacker_4
d9ff1742-5e93-4170-a04d-cb5f2ab764aa,2026-06-04T04:17:28.234208Z,732165311557820,DISTRIBUTION,19.076,72.8777,Burst_MUMBAI,attacker_5
ac3060ae-bde4-47f2-90fc-b688a66abad9,2026-06-04T04:17:13.234208Z,732165311557820,DISTRIBUTION,19.076,72.8777,Burst_MUMBAI,attacker_1
3c2bc094-60e8-4b53-8d64-2877ebad6ce6,2026-06-04T04:23:52.234208Z,732165311557820,DISTRIBUTION,40.7128,-74.006,Burst_NEW_YORK,attacker_5
479d5ef4-b083-4250-9cc7-6b33a3e7e709,2026-06-04T04:16:53.234208Z,732165311557820,DISTRIBUTION,19.076,72.8777,Burst_MUMBAI,attacker_3
b133a895-013e-407a-8752-895ab3a76527,2026-06-03T23:21:06.234208Z,470450694900412,DISTRIBUTION,40.7128,-74.006,Burst_NEW_YORK,attacker_5
7f5f820a-e9d6-42f0-85f9-66930c4591dd,2026-06-03T23:24:37.234208Z,470450694900412,DISTRIBUTION,40.7128,-74.006,Burst_NEW_YORK,attacker_3
bc316112-a9db-4266-a4b1-3f34cfe56762,2026-06-03T23:14:39.234208Z,470450694900412,DISTRIBUTION,51.5074,-0.1278,Burst_LONDON,attacker_2
3a2ac262-9a79-4347-999a-a5d45fb717ae,2026-06-03T23:13:11.234208Z,470450694900412,DISTRIBUTION,40.7128,-74.006,Burst_NEW_YORK,attacker_2
7ff6ffe7-e292-45db-8be1-6b8b14135892,2026-06-03T23:22:41.234208Z,470450694900412,DISTRIBUTION,12.9716,77.5946,Burst_BENGALURU,attacker_1
98852dd9-4153-436e-9ec2-862978bf23e0,2026-06-03T23:13:20.234208Z,470450694900412,DISTRIBUTION,35.6762,139.6503,Burst_TOKYO,attacker_1
e9ecd76f-14ee-48ca-9746-583153c2163f,2026-06-03T23:15:32.234208Z,470450694900412,DISTRIBUTION,12.9716,77.5946,Burst_BENGALURU,attacker_5
0e1447a2-79a3-41d3-a3e1-0e2a551ea3c2,2026-06-03T23:13:44.234208Z,470450694900412,DISTRIBUTION,35.6762,139.6503,Burst_TOKYO,attacker_3
2c771801-f4e1-4faa-9a62-850dd70ddfb4,2026-06-03T23:24:57.234208Z,470450694900412,DISTRIBUTION,12.9716,77.5946,Burst_BENGALURU,attacker_2
4ad0bf04-150a-4012-b05f-ae20cfb69efe,2026-06-03T23:18:37.234208Z,470450694900412,DISTRIBUTION,51.5074,-0.1278,Burst_LONDON,attacker_2
da4dce08-1433-4fde-b47b-a7674d4d62b8,2026-06-03T23:19:16.234208Z,470450694900412,DISTRIBUTION,19.076,72.8777,Burst_MUMBAI,attacker_4
28ecfdd3-7259-4fb0-8a44-31dc5ac4baeb,2026-06-03T23:20:11.234208Z,470450694900412,DISTRIBUTION,51.5074,-0.1278,Burst_LONDON,attacker_3
a1047dc3-e6e3-4fb7-91d2-18ecb112d927,2026-06-03T23:15:46.234208Z,470450694900412,DISTRIBUTION,12.9716,77.5946,Burst_BENGALURU,attacker_3
4f021fe2-c51c-4c55-af94-7aa97aa823ef,2026-06-03T23:22:17.234208Z,470450694900412,DISTRIBUTION,35.6762,139.6503,Burst_TOKYO,attacker_5
ea2fb45d-e3d8-4b46-80af-fb4bfc2a0a3c,2026-06-03T23:17:36.234208Z,470450694900412,DISTRIBUTION,51.5074,-0.1278,Burst_LONDON,attacker_4
c6bf1444-a3a1-4b6b-b669-c018463c1a60,2026-06-03T23:23:08.234208Z,470450694900412,DISTRIBUTION,51.5074,-0.1278,Burst_LONDON,attacker_5
0cb3c0c2-9adb-4397-bac6-23978c946b6e,2026-06-03T23:23:16.234208Z,470450694900412,DISTRIBUTION,19.076,72.8777,Burst_MUMBAI,attacker_2
af79df65-6524-4677-8348-5ab8d080dfd1,2026-06-03T23:17:50.234208Z,470450694900412,DISTRIBUTION,12.9716,77.5946,Burst_BENGALURU,attacker_4
183d25f0-de3c-4d13-bbf8-51868227ad43,2026-06-03T23:16:08.234208Z,470450694900412,DISTRIBUTION,35.6762,139.6503,Burst_TOKYO,attacker_1
607bda24-fba1-422c-95e1-4e9000eabd80,2026-06-03T23:25:23.234208Z,470450694900412,DISTRIBUTION,35.6762,139.6503,Burst_TOKYO,attacker_2
a8e73657-d894-4c1f-a531-aa70a400bb6b,2026-06-03T23:12:43.234208Z,470450694900412,DISTRIBUTION,19.076,72.8777,Burst_MUMBAI,attacker_5
cb952fbe-faa3-475f-b3a6-6f62763892a8,2026-06-03T23:12:36.234208Z,470450694900412,DISTRIBUTION,12.9716,77.5946,Burst_BENGALURU,attacker_2
47d7e28f-80aa-42c3-a733-6c2c8c63d034,2026-06-03T23:20:17.234208Z,470450694900412,DISTRIBUTION,35.6762,139.6503,Burst_TOKYO,attacker_5
59d40ee5-46d6-4da1-93ae-e328917c4b36,2026-06-03T23:23:53.234208Z,470450694900412,DISTRIBUTION,40.7128,-74.006,Burst_NEW_YORK,attacker_5
e9e0cd87-8230-4493-8456-f408be485b5b,2026-06-03T23:11:24.234208Z,470450694900412,DISTRIBUTION,51.5074,-0.1278,Burst_LONDON,attacker_3
69bf4850-b785-4316-84ff-6f462a73976b,2026-06-03T23:12:00.234208Z,470450694900412,DISTRIBUTION,12.9716,77.5946,Burst_BENGALURU,attacker_4
4bf18696-6432-4e3a-823c-854d2e28fc5c,2026-06-03T23:25:25.234208Z,470450694900412,DISTRIBUTION,35.6762,139.6503,Burst_TOKYO,attacker_3
769fecd8-b9fe-4f1b-9ddf-9b9dc4b7effe,2026-06-03T23:24:31.234208Z,470450694900412,DISTRIBUTION,35.6762,139.6503,Burst_TOKYO,attacker_3
a70f10d9-b358-4d65-92fd-a9a1ea5a29f3,2026-06-03T23:16:28.234208Z,470450694900412,DISTRIBUTION,35.6762,139.6503,Burst_TOKYO,attacker_3
9692e3be-91aa-455f-abfa-545127f3fe15,2026-06-03T23:11:52.234208Z,470450694900412,DISTRIBUTION,19.076,72.8777,Burst_MUMBAI,attacker_4
036ad226-5fde-4d69-9a69-d6465db98d5c,2026-06-04T01:20:32.234208Z,761647525650562,DISTRIBUTION,12.9716,77.5946,Burst_BENGALURU,attacker_2
451c2e4d-0b6c-41e9-9c20-f146b49e13f8,2026-06-04T01:17:32.234208Z,761647525650562,DISTRIBUTION,12.9716,77.5946,Burst_BENGALURU,attacker_4
0a52cb14-ec40-4eb4-a333-cdad03c14e6f,2026-06-04T01:17:24.234208Z,761647525650562,DISTRIBUTION,51.5074,-0.1278,Burst_LONDON,attacker_4
59d9760e-bc75-45f1-b282-a9861a682121,2026-06-04T01:23:48.234208Z,761647525650562,DISTRIBUTION,35.6762,139.6503,Burst_TOKYO,attacker_4
41b9d3c0-b1b6-45d8-9f96-616700aaf691,2026-06-04T01:16:31.234208Z,761647525650562,DISTRIBUTION,35.6762,139.6503,Burst_TOKYO,attacker_2
26fc93a5-2da5-445c-9559-c7596b33d565,2026-06-04T01:13:50.234208Z,761647525650562,DISTRIBUTION,51.5074,-0.1278,Burst_LONDON,attacker_2
ae89a420-fd41-4f3e-b316-0fc425d331b7,2026-06-04T01:21:52.234208Z,761647525650562,DISTRIBUTION,35.6762,139.6503,Burst_TOKYO,attacker_1
60c7bfeb-ea21-467b-a3e4-61499b2bbd2f,2026-06-04T01:11:35.234208Z,761647525650562,DISTRIBUTION,51.5074,-0.1278,Burst_LONDON,attacker_1
94ebcd32-f3dd-43c0-a30d-11102aba8b75,2026-06-04T01:12:51.234208Z,761647525650562,DISTRIBUTION,19.076,72.8777,Burst_MUMBAI,attacker_2
c4f4790f-37f7-4cee-9653-5c1fccdb0656,2026-06-04T01:15:02.234208Z,761647525650562,DISTRIBUTION,51.5074,-0.1278,Burst_LONDON,attacker_1
84e321da-d2cd-4d2d-8dc1-e5f2a15b339e,2026-06-04T01:16:06.234208Z,761647525650562,DISTRIBUTION,35.6762,139.6503,Burst_TOKYO,attacker_3
8a51a86c-6232-4d49-8092-69dd33f1306f,2026-06-04T01:12:55.234208Z,761647525650562,DISTRIBUTION,51.5074,-0.1278,Burst_LONDON,attacker_5
da5b355a-def3-4bb8-9f20-9c66a011d42a,2026-06-04T01:16:25.234208Z,761647525650562,DISTRIBUTION,35.6762,139.6503,Burst_TOKYO,attacker_4
edc17f2d-822c-4e43-b4ff-5ef47f0ba152,2026-06-04T01:11:38.234208Z,761647525650562,DISTRIBUTION,51.5074,-0.1278,Burst_LONDON,attacker_5
25338b56-2b36-4ca6-8431-d1844d76215f,2026-06-04T01:11:16.234208Z,761647525650562,DISTRIBUTION,12.9716,77.5946,Burst_BENGALURU,attacker_2
30845578-d8a0-4c11-88c5-88d25be8b74d,2026-06-04T01:20:22.234208Z,761647525650562,DISTRIBUTION,19.076,72.8777,Burst_MUMBAI,attacker_2
394af7ea-6a0c-4ea6-ad93-9c00ba9c9ab3,2026-06-04T01:19:16.234208Z,761647525650562,DISTRIBUTION,12.9716,77.5946,Burst_BENGALURU,attacker_5
7fdcb55a-b450-49f9-bad1-349d5d698bf1,2026-06-04T01:20:13.234208Z,761647525650562,DISTRIBUTION,35.6762,139.6503,Burst_TOKYO,attacker_5
678a8211-e2d5-4ed9-a446-f02803b90c3e,2026-06-04T01:13:17.234208Z,761647525650562,DISTRIBUTION,12.9716,77.5946,Burst_BENGALURU,attacker_4
a8a1a1a9-b8d8-46d9-b740-2c55e47ed320,2026-06-04T01:25:00.234208Z,761647525650562,DISTRIBUTION,35.6762,139.6503,Burst_TOKYO,attacker_3
eb02d187-2433-47b0-9153-8beae5d6283a,2026-06-04T01:18:35.234208Z,761647525650562,DISTRIBUTION,12.9716,77.5946,Burst_BENGALURU,attacker_4
1844a85c-1dfc-45f4-9eba-cb8f0750cf9b,2026-06-04T01:18:30.234208Z,761647525650562,DISTRIBUTION,35.6762,139.6503,Burst_TOKYO,attacker_2
90e2adac-dd29-45ce-97bf-880b7a75e6bf,2026-06-04T01:21:05.234208Z,761647525650562,DISTRIBUTION,51.5074,-0.1278,Burst_LONDON,attacker_2
e4ed5494-1bfe-417b-a47d-dbb224ca9e8f,2026-06-04T01:18:59.234208Z,761647525650562,DISTRIBUTION,35.6762,139.6503,Burst_TOKYO,attacker_2
8e89d703-2a4e-4abb-9c66-4aac8799cb36,2026-06-04T01:16:59.234208Z,761647525650562,DISTRIBUTION,19.076,72.8777,Burst_MUMBAI,attacker_1
283aa13d-1bb4-4f55-81e4-b60fcb20447b,2026-06-04T01:26:03.234208Z,761647525650562,DISTRIBUTION,12.9716,77.5946,Burst_BENGALURU,attacker_3
606b4c62-ae4b-45c6-ac22-cbaf744ae44e,2026-06-04T01:12:25.234208Z,761647525650562,DISTRIBUTION,19.076,72.8777,Burst_MUMBAI,attacker_3
726426c8-a128-47bc-86ab-8c8ff2d3d556,2026-06-04T01:13:59.234208Z,761647525650562,DISTRIBUTION,40.7128,-74.006,Burst_NEW_YORK,attacker_5
376976e4-6692-437b-9f39-8bd2c09552ce,2026-06-04T01:17:37.234208Z,761647525650562,DISTRIBUTION,19.076,72.8777,Burst_MUMBAI,attacker_2
cc5ae7cc-481f-46c5-b073-762495ad577c,2026-06-04T01:23:27.234208Z,761647525650562,DISTRIBUTION,35.6762,139.6503,Burst_TOKYO,attacker_4
f64c2547-6dc0-4091-8b26-a75a98bf33fc,2026-06-03T22:11:45.234208Z,186052703522382,DISTRIBUTION,51.5074,-0.1278,Burst_LONDON,attacker_1
9b3103f6-6e42-46ea-b57d-d1e17750f0bf,2026-06-03T22:25:59.234208Z,186052703522382,DISTRIBUTION,19.076,72.8777,Burst_MUMBAI,attacker_3
328b68ca-4d6f-469f-bae2-baab2ecac442,2026-06-03T22:15:46.234208Z,186052703522382,DISTRIBUTION,19.076,72.8777,Burst_MUMBAI,attacker_1
e49bc5ac-fb87-4ecb-9746-c4b740510936,2026-06-03T22:20:38.234208Z,186052703522382,DISTRIBUTION,51.5074,-0.1278,Burst_LONDON,attacker_1
14177112-2e21-4bb4-bd9e-cd1e191aba33,2026-06-03T22:25:22.234208Z,186052703522382,DISTRIBUTION,35.6762,139.6503,Burst_TOKYO,attacker_2
1facd7b7-1732-4990-afb6-6f919d4b05d5,2026-06-03T22:21:48.234208Z,186052703522382,DISTRIBUTION,40.7128,-74.006,Burst_NEW_YORK,attacker_1
f33d6074-6341-4571-b2bb-c5e47dec802b,2026-06-03T22:25:35.234208Z,186052703522382,DISTRIBUTION,12.9716,77.5946,Burst_BENGALURU,attacker_5
2002a0e4-cafe-46a5-9a8b-dd671eb2a725,2026-06-03T22:23:09.234208Z,186052703522382,DISTRIBUTION,12.9716,77.5946,Burst_BENGALURU,attacker_2
1ef276ef-4789-408a-9c79-96b930621fa0,2026-06-03T22:18:18.234208Z,186052703522382,DISTRIBUTION,51.5074,-0.1278,Burst_LONDON,attacker_5
f3362013-040a-4063-b1dc-ca6a21b2b22e,2026-06-03T22:12:10.234208Z,186052703522382,DISTRIBUTION,35.6762,139.6503,Burst_TOKYO,attacker_1
e24c5900-86cc-4d91-bf56-eeef7fd8b27b,2026-06-03T22:24:49.234208Z,186052703522382,DISTRIBUTION,19.076,72.8777,Burst_MUMBAI,attacker_5
4c3bd090-12fc-4b6f-869b-2b34ade3fcee,2026-06-03T22:25:03.234208Z,186052703522382,DISTRIBUTION,19.076,72.8777,Burst_MUMBAI,attacker_5
96981e04-cf51-4d39-9503-0fcd0fb91cc5,2026-06-03T22:17:59.234208Z,186052703522382,DISTRIBUTION,19.076,72.8777,Burst_MUMBAI,attacker_1
b2754eb7-dc41-476b-84ad-8eda4c8b0596,2026-06-03T22:23:27.234208Z,186052703522382,DISTRIBUTION,40.7128,-74.006,Burst_NEW_YORK,attacker_5
f9407649-311d-4e36-a031-791ded43bc97,2026-06-03T22:24:11.234208Z,186052703522382,DISTRIBUTION,35.6762,139.6503,Burst_TOKYO,attacker_4
0640c686-0d86-41f3-b0f9-eb02a30f16ee,2026-06-03T22:23:40.234208Z,186052703522382,DISTRIBUTION,51.5074,-0.1278,Burst_LONDON,attacker_3
064a3d2c-454e-4cf3-a0c8-66e62e7360df,2026-06-03T22:24:20.234208Z,186052703522382,DISTRIBUTION,19.076,72.8777,Burst_MUMBAI,attacker_2
c6ef4d46-e7ad-4116-b73e-532a4d53ee9e,2026-06-03T22:13:59.234208Z,186052703522382,DISTRIBUTION,12.9716,77.5946,Burst_BENGALURU,attacker_3
eeb53265-5ded-49f5-97a1-39e7a33ea344,2026-06-03T22:17:26.234208Z,186052703522382,DISTRIBUTION,12.9716,77.5946,Burst_BENGALURU,attacker_3
8980815f-0b54-46d7-8385-0347ab11232b,2026-06-03T22:13:54.234208Z,186052703522382,DISTRIBUTION,19.076,72.8777,Burst_MUMBAI,attacker_3
825beee8-1f86-464f-9ed1-94ff0d0e217a,2026-06-03T22:23:54.234208Z,186052703522382,DISTRIBUTION,35.6762,139.6503,Burst_TOKYO,attacker_5
de61821d-269a-4f92-844f-a36ac0cce3ea,2026-06-03T22:24:35.234208Z,186052703522382,DISTRIBUTION,19.076,72.8777,Burst_MUMBAI,attacker_3
59688e3b-7a37-4df4-adf2-0f60024c990a,2026-06-03T22:20:07.234208Z,186052703522382,DISTRIBUTION,12.9716,77.5946,Burst_BENGALURU,attacker_5
a51130de-03d1-468d-8ba3-c6060bd79c7c,2026-06-03T22:15:04.234208Z,186052703522382,DISTRIBUTION,12.9716,77.5946,Burst_BENGALURU,attacker_2
f71e5f58-1cf5-4e90-ae75-2a2ee692f37b,2026-06-03T22:20:24.234208Z,186052703522382,DISTRIBUTION,51.5074,-0.1278,Burst_LONDON,attacker_4
f69e7568-e8f7-418b-ae4a-7375e0c95125,2026-06-03T22:23:59.234208Z,186052703522382,DISTRIBUTION,40.7128,-74.006,Burst_NEW_YORK,attacker_5
004f4a10-342c-4b8d-8ee0-ca97e0e7296d,2026-06-03T22:13:36.234208Z,186052703522382,DISTRIBUTION,51.5074,-0.1278,Burst_LONDON,attacker_1
c16da509-871f-48c5-a5dc-868aa9588965,2026-06-03T22:25:59.234208Z,186052703522382,DISTRIBUTION,51.5074,-0.1278,Burst_LONDON,attacker_5
e7ef7727-ab43-421d-bf81-adb5d1581998,2026-06-03T22:24:45.234208Z,186052703522382,DISTRIBUTION,51.5074,-0.1278,Burst_LONDON,attacker_3
31d0e0da-1049-4f23-aa9a-600ed9400207,2026-06-03T22:24:53.234208Z,186052703522382,DISTRIBUTION,40.7128,-74.006,Burst_NEW_YORK,attacker_4
02ee7f8c-3129-48a5-aeb4-b29f8b21aa29,2026-06-03T18:20:55.234208Z,313522915677431,DISTRIBUTION,35.6762,139.6503,Burst_TOKYO,attacker_1
2c46674a-7f4d-4813-a9c4-d214bebeb1fd,2026-06-03T18:16:16.234208Z,313522915677431,DISTRIBUTION,51.5074,-0.1278,Burst_LONDON,attacker_4
40f5bde4-5251-42b8-a0cb-0348ceef0ef9,2026-06-03T18:24:21.234208Z,313522915677431,DISTRIBUTION,35.6762,139.6503,Burst_TOKYO,attacker_4
d9a73447-836d-44a3-b206-a0746a3d5df2,2026-06-03T18:14:06.234208Z,313522915677431,DISTRIBUTION,35.6762,139.6503,Burst_TOKYO,attacker_3
2fbff609-94d3-4e49-b6fa-8ed3851344e0,2026-06-03T18:23:54.234208Z,313522915677431,DISTRIBUTION,19.076,72.8777,Burst_MUMBAI,attacker_2
adefea65-d143-41bb-a114-4bc594543eca,2026-06-03T18:12:52.234208Z,313522915677431,DISTRIBUTION,12.9716,77.5946,Burst_BENGALURU,attacker_4
e9ada6a7-915d-4b0a-bfef-543ecf21d5bf,2026-06-03T18:16:38.234208Z,313522915677431,DISTRIBUTION,19.076,72.8777,Burst_MUMBAI,attacker_2
5855b481-5c61-4f68-8fe0-13356d27f58e,2026-06-03T18:21:03.234208Z,313522915677431,DISTRIBUTION,35.6762,139.6503,Burst_TOKYO,attacker_1
00bf5437-cdbe-494c-8e11-d445799ac682,2026-06-03T18:11:20.234208Z,313522915677431,DISTRIBUTION,19.076,72.8777,Burst_MUMBAI,attacker_1
cefd6bc9-55ff-44c0-a17a-78ce51901360,2026-06-03T18:13:09.234208Z,313522915677431,DISTRIBUTION,51.5074,-0.1278,Burst_LONDON,attacker_3
25a379e9-e4b5-434f-a6ab-0cd6704d367a,2026-06-03T18:22:57.234208Z,313522915677431,DISTRIBUTION,19.076,72.8777,Burst_MUMBAI,attacker_1
864bff82-920c-4a2b-92ea-7653eb6266a5,2026-06-03T18:18:16.234208Z,313522915677431,DISTRIBUTION,35.6762,139.6503,Burst_TOKYO,attacker_3
06b8ee03-4b7a-4056-b6c4-7712c652518c,2026-06-03T18:23:56.234208Z,313522915677431,DISTRIBUTION,51.5074,-0.1278,Burst_LONDON,attacker_2
dd22e1b0-6f4d-4a0b-b17f-6c227a42f28f,2026-06-03T18:16:18.234208Z,313522915677431,DISTRIBUTION,51.5074,-0.1278,Burst_LONDON,attacker_1
4e464242-ed7f-423d-8838-d59d11bf1e25,2026-06-03T18:18:28.234208Z,313522915677431,DISTRIBUTION,35.6762,139.6503,Burst_TOKYO,attacker_2
25ae6870-4ee1-469b-a3c1-e902d24ec082,2026-06-03T18:14:23.234208Z,313522915677431,DISTRIBUTION,19.076,72.8777,Burst_MUMBAI,attacker_2
97b9a0a4-853b-4ef9-83b4-35950d0be18f,2026-06-03T18:20:14.234208Z,313522915677431,DISTRIBUTION,19.076,72.8777,Burst_MUMBAI,attacker_4
368fe17b-6a54-49c0-94bb-c94ddb5dfbde,2026-06-03T18:22:52.234208Z,313522915677431,DISTRIBUTION,12.9716,77.5946,Burst_BENGALURU,attacker_2
6b4f034c-5d1c-4df1-8d4c-d0cbf3a4bafd,2026-06-03T18:12:03.234208Z,313522915677431,DISTRIBUTION,12.9716,77.5946,Burst_BENGALURU,attacker_2
57d5ed32-bfa1-4762-ab6f-cf6bc4c18d25,2026-06-03T18:14:39.234208Z,313522915677431,DISTRIBUTION,19.076,72.8777,Burst_MUMBAI,attacker_1
d9648a9b-9a73-441d-a56f-a62d1c8dda57,2026-06-03T18:22:14.234208Z,313522915677431,DISTRIBUTION,12.9716,77.5946,Burst_BENGALURU,attacker_4
6ec154ab-8c5a-4262-b4d9-c37424b60882,2026-06-03T18:24:53.234208Z,313522915677431,DISTRIBUTION,19.076,72.8777,Burst_MUMBAI,attacker_3
38fb1ec6-9431-4250-a15e-240c84f007b2,2026-06-03T18:19:25.234208Z,313522915677431,DISTRIBUTION,19.076,72.8777,Burst_MUMBAI,attacker_2
45fee797-6a89-47a2-9181-32d472d49d4b,2026-06-03T18:15:55.234208Z,313522915677431,DISTRIBUTION,19.076,72.8777,Burst_MUMBAI,attacker_4
d82ab407-9033-4183-896f-7750cda58754,2026-06-03T18:15:34.234208Z,313522915677431,DISTRIBUTION,12.9716,77.5946,Burst_BENGALURU,attacker_1
60e33598-7b5c-4462-be77-d633f2c76fc6,2026-06-03T18:22:34.234208Z,313522915677431,DISTRIBUTION,35.6762,139.6503,Burst_TOKYO,attacker_4
f55011b3-40c7-4cdb-a13d-5405b749862d,2026-06-03T18:25:37.234208Z,313522915677431,DISTRIBUTION,40.7128,-74.006,Burst_NEW_YORK,attacker_4
130352d2-aaf3-4b1f-bd68-20b5f2a55e2f,2026-06-03T18:11:27.234208Z,313522915677431,DISTRIBUTION,40.7128,-74.006,Burst_NEW_YORK,attacker_4
cca3f1dc-e1c1-464c-95a6-2fd650a939ec,2026-06-03T18:19:27.234208Z,313522915677431,DISTRIBUTION,12.9716,77.5946,Burst_BENGALURU,attacker_4
325ce32c-7a4c-48ee-bd5d-b671ade29c02,2026-06-03T18:11:23.234208Z,313522915677431,DISTRIBUTION,40.7128,-74.006,Burst_NEW_YORK,attacker_1
77826859-6292-48b2-9afc-7ad5a5970c2e,2026-06-03T06:11:09.234208Z,255803723133012,STOCK_AUDIT,51.5074,-0.1278,London_Warehouse,staff_lon
9aad1414-0969-4a16-9af2-dd3506573034,2026-06-03T06:31:09.234208Z,255803723133012,CONSUMER_VALIDATE,35.6762,139.6503,Tokyo_Retail,consumer_tok
8440b908-cd06-47ee-b142-4668cd248be6,2026-06-03T13:11:09.234208Z,303739842175203,STOCK_AUDIT,51.5074,-0.1278,London_Warehouse,staff_lon
647d347b-ef43-452c-adac-ea12e7b0759e,2026-06-03T13:31:09.234208Z,303739842175203,CONSUMER_VALIDATE,35.6762,139.6503,Tokyo_Retail,consumer_tok
cc64ec20-5f08-4e7f-8ac7-36af177b519a,2026-06-03T09:11:09.234208Z,913432476866458,STOCK_AUDIT,51.5074,-0.1278,London_Warehouse,staff_lon
40d33843-b2cf-4ccc-9448-023965942437,2026-06-03T09:31:09.234208Z,913432476866458,CONSUMER_VALIDATE,35.6762,139.6503,Tokyo_Retail,consumer_tok
e11c343b-c369-48af-bb52-9b3bb412a6a8,2026-06-03T14:11:09.234208Z,593015406589155,STOCK_AUDIT,51.5074,-0.1278,London_Warehouse,staff_lon
f0255a8f-2305-413d-8618-c0a1823b9f56,2026-06-03T14:31:09.234208Z,593015406589155,CONSUMER_VALIDATE,35.6762,139.6503,Tokyo_Retail,consumer_tok
12e530cb-420a-4e2b-9f0e-c40703bd8342,2026-06-03T11:11:09.234208Z,162440605967314,STOCK_AUDIT,51.5074,-0.1278,London_Warehouse,staff_lon
7cfc5e74-4202-4044-b570-ffee5a149b94,2026-06-03T11:31:09.234208Z,162440605967314,CONSUMER_VALIDATE,35.6762,139.6503,Tokyo_Retail,consumer_tok
